{"cameraMode":{"drawMode":0,"name":"Shaded","section":"Shading Mode"},"sceneLighting":true,"audioPlay":false,"sceneViewState":{"showFog":true,"showMaterialUpdate":false,"showSkybox":true,"showFlares":true,"showImageEffects":true,"showParticleSystems":true},"in2DMode":false,"pivot":{"x":11.095856666564942,"y":37.053260803222659,"z":-16.673124313354493},"rotation":{"x":-0.22924841940402986,"y":-0.017370866611599923,"z":0.0038579562678933145,"w":-0.9733307361602783},"size":8.946613311767579,"orthographic":false}