{"cameraMode":{"drawMode":0,"name":"Shaded","section":"Shading Mode"},"sceneLighting":false,"audioPlay":false,"sceneViewState":{"showFog":true,"showMaterialUpdate":false,"showSkybox":false,"showFlares":true,"showImageEffects":true,"showParticleSystems":true},"in2DMode":false,"pivot":{"x":8.401638984680176,"y":34.700992584228519,"z":-13.720967292785645},"rotation":{"x":-0.05892133712768555,"y":0.20536191761493684,"z":-0.012732165865600109,"w":-0.9769544005393982},"size":2.443845272064209,"orthographic":false}